symbol,date,price
JTSJOL,2000-12-01,5088
JTSJOL,2001-01-01,5234
JTSJOL,2001-02-01,5097
JTSJOL,2001-03-01,4762
JTSJOL,2001-04-01,4615
JTSJOL,2001-05-01,4425
JTSJOL,2001-06-01,4361
JTSJOL,2001-07-01,4447
JTSJOL,2001-08-01,4024
JTSJOL,2001-09-01,4071
JTSJOL,2001-10-01,3707
JTSJOL,2001-11-01,3775
JTSJOL,2001-12-01,3677
JTSJOL,2002-01-01,3699
JTSJOL,2002-02-01,3436
JTSJOL,2002-03-01,3612
JTSJOL,2002-04-01,3471
JTSJOL,2002-05-01,3457
JTSJOL,2002-06-01,3412
JTSJOL,2002-07-01,3367
JTSJOL,2002-08-01,3517
JTSJOL,2002-09-01,3301
JTSJOL,2002-10-01,3479
JTSJOL,2002-11-01,3514
JTSJOL,2002-12-01,3169
JTSJOL,2003-01-01,3441
JTSJOL,2003-02-01,3229
JTSJOL,2003-03-01,3099
JTSJOL,2003-04-01,3108
JTSJOL,2003-05-01,3289
JTSJOL,2003-06-01,3390
JTSJOL,2003-07-01,2981
JTSJOL,2003-08-01,3190
JTSJOL,2003-09-01,3091
JTSJOL,2003-10-01,3305
JTSJOL,2003-11-01,3324
JTSJOL,2003-12-01,3414
JTSJOL,2004-01-01,3424
JTSJOL,2004-02-01,3532
JTSJOL,2004-03-01,3525
JTSJOL,2004-04-01,3511
JTSJOL,2004-05-01,3710
JTSJOL,2004-06-01,3337
JTSJOL,2004-07-01,3814
JTSJOL,2004-08-01,3541
JTSJOL,2004-09-01,3821
JTSJOL,2004-10-01,3943
JTSJOL,2004-11-01,3472
JTSJOL,2004-12-01,4074
JTSJOL,2005-01-01,3804
JTSJOL,2005-02-01,3965
JTSJOL,2005-03-01,4044
JTSJOL,2005-04-01,4159
JTSJOL,2005-05-01,3797
JTSJOL,2005-06-01,4062
JTSJOL,2005-07-01,4256
JTSJOL,2005-08-01,4142
JTSJOL,2005-09-01,4352
JTSJOL,2005-10-01,4184
JTSJOL,2005-11-01,4248
JTSJOL,2005-12-01,4282
JTSJOL,2006-01-01,4397
JTSJOL,2006-02-01,4325
JTSJOL,2006-03-01,4732
JTSJOL,2006-04-01,4790
JTSJOL,2006-05-01,4463
JTSJOL,2006-06-01,4614
JTSJOL,2006-07-01,4394
JTSJOL,2006-08-01,4710
JTSJOL,2006-09-01,4737
JTSJOL,2006-10-01,4591
JTSJOL,2006-11-01,4645
JTSJOL,2006-12-01,4620
JTSJOL,2007-01-01,4763
JTSJOL,2007-02-01,4699
JTSJOL,2007-03-01,4962
JTSJOL,2007-04-01,4689
JTSJOL,2007-05-01,4657
JTSJOL,2007-06-01,4859
JTSJOL,2007-07-01,4598
JTSJOL,2007-08-01,4546
JTSJOL,2007-09-01,4652
JTSJOL,2007-10-01,4636
JTSJOL,2007-11-01,4646
JTSJOL,2007-12-01,4545
JTSJOL,2008-01-01,4624
JTSJOL,2008-02-01,4279
JTSJOL,2008-03-01,4225
JTSJOL,2008-04-01,4035
JTSJOL,2008-05-01,4194
JTSJOL,2008-06-01,3830
JTSJOL,2008-07-01,3749
JTSJOL,2008-08-01,3674
JTSJOL,2008-09-01,3222
JTSJOL,2008-10-01,3377
JTSJOL,2008-11-01,3231
JTSJOL,2008-12-01,3146
JTSJOL,2009-01-01,2738
JTSJOL,2009-02-01,2864
JTSJOL,2009-03-01,2534
JTSJOL,2009-04-01,2295
JTSJOL,2009-05-01,2549
JTSJOL,2009-06-01,2503
JTSJOL,2009-07-01,2232
JTSJOL,2009-08-01,2338
JTSJOL,2009-09-01,2487
JTSJOL,2009-10-01,2406
JTSJOL,2009-11-01,2503
JTSJOL,2009-12-01,2568
JTSJOL,2010-01-01,2837
JTSJOL,2010-02-01,2666
JTSJOL,2010-03-01,2679
JTSJOL,2010-04-01,3153
JTSJOL,2010-05-01,2988
JTSJOL,2010-06-01,2801
JTSJOL,2010-07-01,3082
JTSJOL,2010-08-01,2999
JTSJOL,2010-09-01,2918
JTSJOL,2010-10-01,3235
JTSJOL,2010-11-01,3211
JTSJOL,2010-12-01,3058
JTSJOL,2011-01-01,3104
JTSJOL,2011-02-01,3226
JTSJOL,2011-03-01,3261
JTSJOL,2011-04-01,3259
JTSJOL,2011-05-01,3179
JTSJOL,2011-06-01,3455
JTSJOL,2011-07-01,3623
JTSJOL,2011-08-01,3329
JTSJOL,2011-09-01,3774
JTSJOL,2011-10-01,3619
JTSJOL,2011-11-01,3565
JTSJOL,2011-12-01,3768
JTSJOL,2012-01-01,3909
JTSJOL,2012-02-01,3616
JTSJOL,2012-03-01,3979
JTSJOL,2012-04-01,3793
JTSJOL,2012-05-01,3835
JTSJOL,2012-06-01,3911
JTSJOL,2012-07-01,3735
JTSJOL,2012-08-01,3809
JTSJOL,2012-09-01,3882
JTSJOL,2012-10-01,3775
JTSJOL,2012-11-01,3878
JTSJOL,2012-12-01,3970
JTSJOL,2013-01-01,3923
JTSJOL,2013-02-01,4004
JTSJOL,2013-03-01,4076
JTSJOL,2013-04-01,3988
JTSJOL,2013-05-01,4145
JTSJOL,2013-06-01,4150
JTSJOL,2013-07-01,3885
JTSJOL,2013-08-01,4085
JTSJOL,2013-09-01,4128
JTSJOL,2013-10-01,4222
JTSJOL,2013-11-01,4119
JTSJOL,2013-12-01,4121
JTSJOL,2014-01-01,4127
JTSJOL,2014-02-01,4373
JTSJOL,2014-03-01,4388
JTSJOL,2014-04-01,4566
JTSJOL,2014-05-01,4747
JTSJOL,2014-06-01,4982
JTSJOL,2014-07-01,4846
JTSJOL,2014-08-01,5349
JTSJOL,2014-09-01,4914
JTSJOL,2014-10-01,5012
JTSJOL,2014-11-01,4843
JTSJOL,2014-12-01,5130
JTSJOL,2015-01-01,5344
JTSJOL,2015-02-01,5466
JTSJOL,2015-03-01,5210
JTSJOL,2015-04-01,5598
JTSJOL,2015-05-01,5563
JTSJOL,2015-06-01,5248
JTSJOL,2015-07-01,6056
JTSJOL,2015-08-01,5467
JTSJOL,2015-09-01,5488
JTSJOL,2015-10-01,5773
JTSJOL,2015-11-01,5708
JTSJOL,2015-12-01,5845
JTSJOL,2016-01-01,6012
JTSJOL,2016-02-01,5770
JTSJOL,2016-03-01,6129
JTSJOL,2016-04-01,5803
JTSJOL,2016-05-01,5777
JTSJOL,2016-06-01,5742
JTSJOL,2016-07-01,5962
JTSJOL,2016-08-01,5677
JTSJOL,2016-09-01,5868
JTSJOL,2016-10-01,5591
JTSJOL,2016-11-01,5971
JTSJOL,2016-12-01,5964
JTSJOL,2017-01-01,5617
JTSJOL,2017-02-01,5923
JTSJOL,2017-03-01,5811
JTSJOL,2017-04-01,6091
JTSJOL,2017-05-01,5826
JTSJOL,2017-06-01,6305
JTSJOL,2017-07-01,6238
JTSJOL,2017-08-01,6276
JTSJOL,2017-09-01,6320
JTSJOL,2017-10-01,6408
JTSJOL,2017-11-01,6271
JTSJOL,2017-12-01,6336
JTSJOL,2018-01-01,6621
JTSJOL,2018-02-01,6552
JTSJOL,2018-03-01,6818
JTSJOL,2018-04-01,6877
JTSJOL,2018-05-01,7016
JTSJOL,2018-06-01,7230
JTSJOL,2018-07-01,7190
JTSJOL,2018-08-01,7208
JTSJOL,2018-09-01,7411
JTSJOL,2018-10-01,7304
JTSJOL,2018-11-01,7594
JTSJOL,2018-12-01,7489
JTSJOL,2019-01-01,7502
JTSJOL,2019-02-01,7066
JTSJOL,2019-03-01,7317
JTSJOL,2019-04-01,7272
JTSJOL,2019-05-01,7275
JTSJOL,2019-06-01,7194
JTSJOL,2019-07-01,7042
JTSJOL,2019-08-01,7178
JTSJOL,2019-09-01,7124
JTSJOL,2019-10-01,7289
JTSJOL,2019-11-01,6888
JTSJOL,2019-12-01,6699
JTSJOL,2020-01-01,7124
JTSJOL,2020-02-01,6966
JTSJOL,2020-03-01,5894
JTSJOL,2020-04-01,4606
JTSJOL,2020-05-01,5612
JTSJOL,2020-06-01,6129
JTSJOL,2020-07-01,6530
JTSJOL,2020-08-01,6429
JTSJOL,2020-09-01,6511
JTSJOL,2020-10-01,6798
JTSJOL,2020-11-01,6820
JTSJOL,2020-12-01,6773
JTSJOL,2021-01-01,7204
JTSJOL,2021-02-01,7752
JTSJOL,2021-03-01,8470
JTSJOL,2021-04-01,9356
JTSJOL,2021-05-01,9905
JTSJOL,2021-06-01,10298
JTSJOL,2021-07-01,11049
JTSJOL,2021-08-01,10956
JTSJOL,2021-09-01,10879
JTSJOL,2021-10-01,11341
JTSJOL,2021-11-01,11119
JTSJOL,2021-12-01,11417
JTSJOL,2022-01-01,11238
JTSJOL,2022-02-01,11661
JTSJOL,2022-03-01,12134
JTSJOL,2022-04-01,11881
JTSJOL,2022-05-01,11483
JTSJOL,2022-06-01,11256
JTSJOL,2022-07-01,11610
JTSJOL,2022-08-01,10148
JTSJOL,2022-09-01,10812
JTSJOL,2022-10-01,10488
JTSJOL,2022-11-01,10619
JTSJOL,2022-12-01,10876
JTSJOL,2023-01-01,10393
JTSJOL,2023-02-01,9846
JTSJOL,2023-03-01,9572
JTSJOL,2023-04-01,9992
JTSJOL,2023-05-01,9310
JTSJOL,2023-06-01,9191
JTSJOL,2023-07-01,8606
JTSJOL,2023-08-01,9287
JTSJOL,2023-09-01,9279
JTSJOL,2023-10-01,8550
JTSJOL,2023-11-01,8663
JTSJOL,2023-12-01,8585
JTSJOL,2024-01-01,8468
JTSJOL,2024-02-01,8445
JTSJOL,2024-03-01,8093
JTSJOL,2024-04-01,7619
JTSJOL,2024-05-01,7901
JTSJOL,2024-06-01,7412
JTSJOL,2024-07-01,7504
JTSJOL,2024-08-01,7649
JTSJOL,2024-09-01,7103
JTSJOL,2024-10-01,7615
JTSJOL,2024-11-01,8031
JTSJOL,2024-12-01,7508
JTSJOL,2025-01-01,7762
JTSJOL,2025-02-01,7480
JTSJOL,2025-03-01,7200
JTSJOL,2025-04-01,7395
JTSJOL,2025-05-01,7712
JTSJOL,2025-06-01,7357
JTSJOL,2025-07-01,7208
JTSJOL,2025-08-01,7227
JTSJOL,2025-09-01,7658
JTSJOL,2025-10-01,7449
JTSJOL,2025-11-01,6928
JTSJOL,2025-12-01,6542
CIVPART,2000-01-01,67.3
CIVPART,2000-02-01,67.3
CIVPART,2000-03-01,67.3
CIVPART,2000-04-01,67.3
CIVPART,2000-05-01,67.1
CIVPART,2000-06-01,67.1
CIVPART,2000-07-01,66.9
CIVPART,2000-08-01,66.9
CIVPART,2000-09-01,66.9
CIVPART,2000-10-01,66.8
CIVPART,2000-11-01,66.9
CIVPART,2000-12-01,67
CIVPART,2001-01-01,67.2
CIVPART,2001-02-01,67.1
CIVPART,2001-03-01,67.2
CIVPART,2001-04-01,66.9
CIVPART,2001-05-01,66.7
CIVPART,2001-06-01,66.7
CIVPART,2001-07-01,66.8
CIVPART,2001-08-01,66.5
CIVPART,2001-09-01,66.8
CIVPART,2001-10-01,66.7
CIVPART,2001-11-01,66.7
CIVPART,2001-12-01,66.7
CIVPART,2002-01-01,66.5
CIVPART,2002-02-01,66.8
CIVPART,2002-03-01,66.6
CIVPART,2002-04-01,66.7
CIVPART,2002-05-01,66.7
CIVPART,2002-06-01,66.6
CIVPART,2002-07-01,66.5
CIVPART,2002-08-01,66.6
CIVPART,2002-09-01,66.7
CIVPART,2002-10-01,66.6
CIVPART,2002-11-01,66.4
CIVPART,2002-12-01,66.3
CIVPART,2003-01-01,66.4
CIVPART,2003-02-01,66.4
CIVPART,2003-03-01,66.3
CIVPART,2003-04-01,66.4
CIVPART,2003-05-01,66.4
CIVPART,2003-06-01,66.5
CIVPART,2003-07-01,66.2
CIVPART,2003-08-01,66.1
CIVPART,2003-09-01,66.1
CIVPART,2003-10-01,66.1
CIVPART,2003-11-01,66.1
CIVPART,2003-12-01,65.9
CIVPART,2004-01-01,66.1
CIVPART,2004-02-01,66
CIVPART,2004-03-01,66
CIVPART,2004-04-01,65.9
CIVPART,2004-05-01,66
CIVPART,2004-06-01,66.1
CIVPART,2004-07-01,66.1
CIVPART,2004-08-01,66
CIVPART,2004-09-01,65.8
CIVPART,2004-10-01,65.9
CIVPART,2004-11-01,66
CIVPART,2004-12-01,65.9
CIVPART,2005-01-01,65.8
CIVPART,2005-02-01,65.9
CIVPART,2005-03-01,65.9
CIVPART,2005-04-01,66.1
CIVPART,2005-05-01,66.1
CIVPART,2005-06-01,66.1
CIVPART,2005-07-01,66.1
CIVPART,2005-08-01,66.2
CIVPART,2005-09-01,66.1
CIVPART,2005-10-01,66.1
CIVPART,2005-11-01,66
CIVPART,2005-12-01,66
CIVPART,2006-01-01,66
CIVPART,2006-02-01,66.1
CIVPART,2006-03-01,66.2
CIVPART,2006-04-01,66.1
CIVPART,2006-05-01,66.1
CIVPART,2006-06-01,66.2
CIVPART,2006-07-01,66.1
CIVPART,2006-08-01,66.2
CIVPART,2006-09-01,66.1
CIVPART,2006-10-01,66.2
CIVPART,2006-11-01,66.3
CIVPART,2006-12-01,66.4
CIVPART,2007-01-01,66.4
CIVPART,2007-02-01,66.3
CIVPART,2007-03-01,66.2
CIVPART,2007-04-01,65.9
CIVPART,2007-05-01,66
CIVPART,2007-06-01,66
CIVPART,2007-07-01,66
CIVPART,2007-08-01,65.8
CIVPART,2007-09-01,66
CIVPART,2007-10-01,65.8
CIVPART,2007-11-01,66
CIVPART,2007-12-01,66
CIVPART,2008-01-01,66.2
CIVPART,2008-02-01,66
CIVPART,2008-03-01,66.1
CIVPART,2008-04-01,65.9
CIVPART,2008-05-01,66.1
CIVPART,2008-06-01,66.1
CIVPART,2008-07-01,66.1
CIVPART,2008-08-01,66.1
CIVPART,2008-09-01,66
CIVPART,2008-10-01,66
CIVPART,2008-11-01,65.9
CIVPART,2008-12-01,65.8
CIVPART,2009-01-01,65.7
CIVPART,2009-02-01,65.8
CIVPART,2009-03-01,65.6
CIVPART,2009-04-01,65.7
CIVPART,2009-05-01,65.7
CIVPART,2009-06-01,65.7
CIVPART,2009-07-01,65.5
CIVPART,2009-08-01,65.4
CIVPART,2009-09-01,65.1
CIVPART,2009-10-01,65
CIVPART,2009-11-01,65
CIVPART,2009-12-01,64.6
CIVPART,2010-01-01,64.8
CIVPART,2010-02-01,64.9
CIVPART,2010-03-01,64.9
CIVPART,2010-04-01,65.2
CIVPART,2010-05-01,64.9
CIVPART,2010-06-01,64.6
CIVPART,2010-07-01,64.6
CIVPART,2010-08-01,64.7
CIVPART,2010-09-01,64.6
CIVPART,2010-10-01,64.4
CIVPART,2010-11-01,64.6
CIVPART,2010-12-01,64.3
CIVPART,2011-01-01,64.2
CIVPART,2011-02-01,64.1
CIVPART,2011-03-01,64.2
CIVPART,2011-04-01,64.2
CIVPART,2011-05-01,64.1
CIVPART,2011-06-01,64
CIVPART,2011-07-01,64
CIVPART,2011-08-01,64.1
CIVPART,2011-09-01,64.2
CIVPART,2011-10-01,64.1
CIVPART,2011-11-01,64.1
CIVPART,2011-12-01,64
CIVPART,2012-01-01,63.7
CIVPART,2012-02-01,63.8
CIVPART,2012-03-01,63.8
CIVPART,2012-04-01,63.7
CIVPART,2012-05-01,63.7
CIVPART,2012-06-01,63.8
CIVPART,2012-07-01,63.7
CIVPART,2012-08-01,63.5
CIVPART,2012-09-01,63.6
CIVPART,2012-10-01,63.8
CIVPART,2012-11-01,63.6
CIVPART,2012-12-01,63.7
CIVPART,2013-01-01,63.7
CIVPART,2013-02-01,63.4
CIVPART,2013-03-01,63.3
CIVPART,2013-04-01,63.4
CIVPART,2013-05-01,63.4
CIVPART,2013-06-01,63.4
CIVPART,2013-07-01,63.3
CIVPART,2013-08-01,63.3
CIVPART,2013-09-01,63.2
CIVPART,2013-10-01,62.8
CIVPART,2013-11-01,63
CIVPART,2013-12-01,62.9
CIVPART,2014-01-01,62.9
CIVPART,2014-02-01,62.9
CIVPART,2014-03-01,63.1
CIVPART,2014-04-01,62.8
CIVPART,2014-05-01,62.9
CIVPART,2014-06-01,62.8
CIVPART,2014-07-01,62.9
CIVPART,2014-08-01,62.9
CIVPART,2014-09-01,62.8
CIVPART,2014-10-01,62.9
CIVPART,2014-11-01,62.9
CIVPART,2014-12-01,62.8
CIVPART,2015-01-01,62.9
CIVPART,2015-02-01,62.7
CIVPART,2015-03-01,62.6
CIVPART,2015-04-01,62.8
CIVPART,2015-05-01,62.9
CIVPART,2015-06-01,62.7
CIVPART,2015-07-01,62.6
CIVPART,2015-08-01,62.6
CIVPART,2015-09-01,62.4
CIVPART,2015-10-01,62.5
CIVPART,2015-11-01,62.5
CIVPART,2015-12-01,62.7
CIVPART,2016-01-01,62.7
CIVPART,2016-02-01,62.8
CIVPART,2016-03-01,63
CIVPART,2016-04-01,62.9
CIVPART,2016-05-01,62.7
CIVPART,2016-06-01,62.7
CIVPART,2016-07-01,62.8
CIVPART,2016-08-01,62.9
CIVPART,2016-09-01,62.9
CIVPART,2016-10-01,62.8
CIVPART,2016-11-01,62.7
CIVPART,2016-12-01,62.7
CIVPART,2017-01-01,62.8
CIVPART,2017-02-01,62.9
CIVPART,2017-03-01,62.9
CIVPART,2017-04-01,63
CIVPART,2017-05-01,62.8
CIVPART,2017-06-01,62.8
CIVPART,2017-07-01,62.9
CIVPART,2017-08-01,62.9
CIVPART,2017-09-01,63.1
CIVPART,2017-10-01,62.7
CIVPART,2017-11-01,62.7
CIVPART,2017-12-01,62.7
CIVPART,2018-01-01,62.7
CIVPART,2018-02-01,63
CIVPART,2018-03-01,62.9
CIVPART,2018-04-01,62.9
CIVPART,2018-05-01,62.9
CIVPART,2018-06-01,63
CIVPART,2018-07-01,63
CIVPART,2018-08-01,62.6
CIVPART,2018-09-01,62.8
CIVPART,2018-10-01,62.9
CIVPART,2018-11-01,62.9
CIVPART,2018-12-01,63
CIVPART,2019-01-01,63.1
CIVPART,2019-02-01,63.1
CIVPART,2019-03-01,63
CIVPART,2019-04-01,62.8
CIVPART,2019-05-01,62.9
CIVPART,2019-06-01,63
CIVPART,2019-07-01,63.1
CIVPART,2019-08-01,63.1
CIVPART,2019-09-01,63.2
CIVPART,2019-10-01,63.3
CIVPART,2019-11-01,63.3
CIVPART,2019-12-01,63.3
CIVPART,2020-01-01,63.3
CIVPART,2020-02-01,63.3
CIVPART,2020-03-01,62.6
CIVPART,2020-04-01,60.1
CIVPART,2020-05-01,60.8
CIVPART,2020-06-01,61.5
CIVPART,2020-07-01,61.5
CIVPART,2020-08-01,61.7
CIVPART,2020-09-01,61.4
CIVPART,2020-10-01,61.7
CIVPART,2020-11-01,61.5
CIVPART,2020-12-01,61.5
CIVPART,2021-01-01,61.4
CIVPART,2021-02-01,61.4
CIVPART,2021-03-01,61.5
CIVPART,2021-04-01,61.6
CIVPART,2021-05-01,61.6
CIVPART,2021-06-01,61.7
CIVPART,2021-07-01,61.8
CIVPART,2021-08-01,61.7
CIVPART,2021-09-01,61.7
CIVPART,2021-10-01,61.8
CIVPART,2021-11-01,61.9
CIVPART,2021-12-01,62
CIVPART,2022-01-01,62.2
CIVPART,2022-02-01,62.3
CIVPART,2022-03-01,62.4
CIVPART,2022-04-01,62.2
CIVPART,2022-05-01,62.3
CIVPART,2022-06-01,62.2
CIVPART,2022-07-01,62.1
CIVPART,2022-08-01,62.3
CIVPART,2022-09-01,62.2
CIVPART,2022-10-01,62.2
CIVPART,2022-11-01,62.1
CIVPART,2022-12-01,62.3
CIVPART,2023-01-01,62.4
CIVPART,2023-02-01,62.5
CIVPART,2023-03-01,62.6
CIVPART,2023-04-01,62.6
CIVPART,2023-05-01,62.6
CIVPART,2023-06-01,62.6
CIVPART,2023-07-01,62.6
CIVPART,2023-08-01,62.8
CIVPART,2023-09-01,62.7
CIVPART,2023-10-01,62.6
CIVPART,2023-11-01,62.8
CIVPART,2023-12-01,62.5
CIVPART,2024-01-01,62.5
CIVPART,2024-02-01,62.6
CIVPART,2024-03-01,62.7
CIVPART,2024-04-01,62.6
CIVPART,2024-05-01,62.6
CIVPART,2024-06-01,62.6
CIVPART,2024-07-01,62.7
CIVPART,2024-08-01,62.7
CIVPART,2024-09-01,62.7
CIVPART,2024-10-01,62.5
CIVPART,2024-11-01,62.4
CIVPART,2024-12-01,62.5
CIVPART,2025-01-01,62.6
CIVPART,2025-02-01,62.5
CIVPART,2025-03-01,62.5
CIVPART,2025-04-01,62.6
CIVPART,2025-05-01,62.4
CIVPART,2025-06-01,62.3
CIVPART,2025-07-01,62.2
CIVPART,2025-08-01,62.3
CIVPART,2025-09-01,62.5
CIVPART,2025-10-01,NA
CIVPART,2025-11-01,62.5
CIVPART,2025-12-01,62.4
CIVPART,2026-01-01,62.5
CES0500000003,2006-03-01,20.04
CES0500000003,2006-04-01,20.17
CES0500000003,2006-05-01,20.13
CES0500000003,2006-06-01,20.22
CES0500000003,2006-07-01,20.29
CES0500000003,2006-08-01,20.32
CES0500000003,2006-09-01,20.4
CES0500000003,2006-10-01,20.42
CES0500000003,2006-11-01,20.49
CES0500000003,2006-12-01,20.58
CES0500000003,2007-01-01,20.59
CES0500000003,2007-02-01,20.68
CES0500000003,2007-03-01,20.72
CES0500000003,2007-04-01,20.79
CES0500000003,2007-05-01,20.84
CES0500000003,2007-06-01,20.95
CES0500000003,2007-07-01,20.94
CES0500000003,2007-08-01,21
CES0500000003,2007-09-01,21.04
CES0500000003,2007-10-01,21.06
CES0500000003,2007-11-01,21.12
CES0500000003,2007-12-01,21.16
CES0500000003,2008-01-01,21.19
CES0500000003,2008-02-01,21.27
CES0500000003,2008-03-01,21.36
CES0500000003,2008-04-01,21.38
CES0500000003,2008-05-01,21.47
CES0500000003,2008-06-01,21.52
CES0500000003,2008-07-01,21.6
CES0500000003,2008-08-01,21.7
CES0500000003,2008-09-01,21.73
CES0500000003,2008-10-01,21.76
CES0500000003,2008-11-01,21.86
CES0500000003,2008-12-01,21.95
CES0500000003,2009-01-01,21.96
CES0500000003,2009-02-01,21.98
CES0500000003,2009-03-01,22.05
CES0500000003,2009-04-01,22.1
CES0500000003,2009-05-01,22.12
CES0500000003,2009-06-01,22.14
CES0500000003,2009-07-01,22.18
CES0500000003,2009-08-01,22.23
CES0500000003,2009-09-01,22.27
CES0500000003,2009-10-01,22.31
CES0500000003,2009-11-01,22.34
CES0500000003,2009-12-01,22.37
CES0500000003,2010-01-01,22.4
CES0500000003,2010-02-01,22.46
CES0500000003,2010-03-01,22.46
CES0500000003,2010-04-01,22.49
CES0500000003,2010-05-01,22.51
CES0500000003,2010-06-01,22.53
CES0500000003,2010-07-01,22.59
CES0500000003,2010-08-01,22.62
CES0500000003,2010-09-01,22.67
CES0500000003,2010-10-01,22.73
CES0500000003,2010-11-01,22.73
CES0500000003,2010-12-01,22.76
CES0500000003,2011-01-01,22.87
CES0500000003,2011-02-01,22.87
CES0500000003,2011-03-01,22.87
CES0500000003,2011-04-01,22.91
CES0500000003,2011-05-01,22.97
CES0500000003,2011-06-01,23
CES0500000003,2011-07-01,23.11
CES0500000003,2011-08-01,23.06
CES0500000003,2011-09-01,23.11
CES0500000003,2011-10-01,23.18
CES0500000003,2011-11-01,23.19
CES0500000003,2011-12-01,23.22
CES0500000003,2012-01-01,23.26
CES0500000003,2012-02-01,23.28
CES0500000003,2012-03-01,23.36
CES0500000003,2012-04-01,23.39
CES0500000003,2012-05-01,23.41
CES0500000003,2012-06-01,23.46
CES0500000003,2012-07-01,23.49
CES0500000003,2012-08-01,23.48
CES0500000003,2012-09-01,23.57
CES0500000003,2012-10-01,23.56
CES0500000003,2012-11-01,23.63
CES0500000003,2012-12-01,23.72
CES0500000003,2013-01-01,23.74
CES0500000003,2013-02-01,23.78
CES0500000003,2013-03-01,23.8
CES0500000003,2013-04-01,23.87
CES0500000003,2013-05-01,23.89
CES0500000003,2013-06-01,23.96
CES0500000003,2013-07-01,23.98
CES0500000003,2013-08-01,24.02
CES0500000003,2013-09-01,24.06
CES0500000003,2013-10-01,24.09
CES0500000003,2013-11-01,24.16
CES0500000003,2013-12-01,24.18
CES0500000003,2014-01-01,24.22
CES0500000003,2014-02-01,24.33
CES0500000003,2014-03-01,24.31
CES0500000003,2014-04-01,24.34
CES0500000003,2014-05-01,24.4
CES0500000003,2014-06-01,24.46
CES0500000003,2014-07-01,24.48
CES0500000003,2014-08-01,24.54
CES0500000003,2014-09-01,24.56
CES0500000003,2014-10-01,24.59
CES0500000003,2014-11-01,24.66
CES0500000003,2014-12-01,24.63
CES0500000003,2015-01-01,24.74
CES0500000003,2015-02-01,24.79
CES0500000003,2015-03-01,24.85
CES0500000003,2015-04-01,24.89
CES0500000003,2015-05-01,24.97
CES0500000003,2015-06-01,24.97
CES0500000003,2015-07-01,25.01
CES0500000003,2015-08-01,25.1
CES0500000003,2015-09-01,25.11
CES0500000003,2015-10-01,25.2
CES0500000003,2015-11-01,25.25
CES0500000003,2015-12-01,25.25
CES0500000003,2016-01-01,25.37
CES0500000003,2016-02-01,25.38
CES0500000003,2016-03-01,25.45
CES0500000003,2016-04-01,25.53
CES0500000003,2016-05-01,25.58
CES0500000003,2016-06-01,25.62
CES0500000003,2016-07-01,25.69
CES0500000003,2016-08-01,25.71
CES0500000003,2016-09-01,25.77
CES0500000003,2016-10-01,25.9
CES0500000003,2016-11-01,25.9
CES0500000003,2016-12-01,25.93
CES0500000003,2017-01-01,26
CES0500000003,2017-02-01,26.07
CES0500000003,2017-03-01,26.11
CES0500000003,2017-04-01,26.18
CES0500000003,2017-05-01,26.21
CES0500000003,2017-06-01,26.26
CES0500000003,2017-07-01,26.35
CES0500000003,2017-08-01,26.37
CES0500000003,2017-09-01,26.49
CES0500000003,2017-10-01,26.5
CES0500000003,2017-11-01,26.54
CES0500000003,2017-12-01,26.63
CES0500000003,2018-01-01,26.72
CES0500000003,2018-02-01,26.74
CES0500000003,2018-03-01,26.85
CES0500000003,2018-04-01,26.91
CES0500000003,2018-05-01,26.98
CES0500000003,2018-06-01,27.03
CES0500000003,2018-07-01,27.1
CES0500000003,2018-08-01,27.21
CES0500000003,2018-09-01,27.32
CES0500000003,2018-10-01,27.37
CES0500000003,2018-11-01,27.44
CES0500000003,2018-12-01,27.56
CES0500000003,2019-01-01,27.59
CES0500000003,2019-02-01,27.69
CES0500000003,2019-03-01,27.77
CES0500000003,2019-04-01,27.79
CES0500000003,2019-05-01,27.88
CES0500000003,2019-06-01,27.97
CES0500000003,2019-07-01,28.03
CES0500000003,2019-08-01,28.14
CES0500000003,2019-09-01,28.16
CES0500000003,2019-10-01,28.24
CES0500000003,2019-11-01,28.34
CES0500000003,2019-12-01,28.38
CES0500000003,2020-01-01,28.43
CES0500000003,2020-02-01,28.54
CES0500000003,2020-03-01,28.73
CES0500000003,2020-04-01,30.04
CES0500000003,2020-05-01,29.72
CES0500000003,2020-06-01,29.38
CES0500000003,2020-07-01,29.39
CES0500000003,2020-08-01,29.49
CES0500000003,2020-09-01,29.51
CES0500000003,2020-10-01,29.54
CES0500000003,2020-11-01,29.64
CES0500000003,2020-12-01,29.91
CES0500000003,2021-01-01,29.93
CES0500000003,2021-02-01,30.05
CES0500000003,2021-03-01,30.03
CES0500000003,2021-04-01,30.22
CES0500000003,2021-05-01,30.41
CES0500000003,2021-06-01,30.54
CES0500000003,2021-07-01,30.66
CES0500000003,2021-08-01,30.78
CES0500000003,2021-09-01,30.98
CES0500000003,2021-10-01,31.14
CES0500000003,2021-11-01,31.23
CES0500000003,2021-12-01,31.39
CES0500000003,2022-01-01,31.6
CES0500000003,2022-02-01,31.64
CES0500000003,2022-03-01,31.8
CES0500000003,2022-04-01,31.96
CES0500000003,2022-05-01,32.1
CES0500000003,2022-06-01,32.19
CES0500000003,2022-07-01,32.34
CES0500000003,2022-08-01,32.44
CES0500000003,2022-09-01,32.57
CES0500000003,2022-10-01,32.7
CES0500000003,2022-11-01,32.82
CES0500000003,2022-12-01,32.94
CES0500000003,2023-01-01,33.02
CES0500000003,2023-02-01,33.15
CES0500000003,2023-03-01,33.27
CES0500000003,2023-04-01,33.43
CES0500000003,2023-05-01,33.5
CES0500000003,2023-06-01,33.69
CES0500000003,2023-07-01,33.85
CES0500000003,2023-08-01,33.89
CES0500000003,2023-09-01,34.01
CES0500000003,2023-10-01,34.08
CES0500000003,2023-11-01,34.17
CES0500000003,2023-12-01,34.29
CES0500000003,2024-01-01,34.47
CES0500000003,2024-02-01,34.52
CES0500000003,2024-03-01,34.65
CES0500000003,2024-04-01,34.76
CES0500000003,2024-05-01,34.89
CES0500000003,2024-06-01,35.01
CES0500000003,2024-07-01,35.08
CES0500000003,2024-08-01,35.22
CES0500000003,2024-09-01,35.34
CES0500000003,2024-10-01,35.46
CES0500000003,2024-11-01,35.6
CES0500000003,2024-12-01,35.69
CES0500000003,2025-01-01,35.84
CES0500000003,2025-02-01,35.94
CES0500000003,2025-03-01,36.11
CES0500000003,2025-04-01,36.12
CES0500000003,2025-05-01,36.28
CES0500000003,2025-06-01,36.36
CES0500000003,2025-07-01,36.47
CES0500000003,2025-08-01,36.62
CES0500000003,2025-09-01,36.7
CES0500000003,2025-10-01,36.85
CES0500000003,2025-11-01,37
CES0500000003,2025-12-01,37.02
CES0500000003,2026-01-01,37.17
UNEMPLOY,2000-01-01,5708
UNEMPLOY,2000-02-01,5858
UNEMPLOY,2000-03-01,5733
UNEMPLOY,2000-04-01,5481
UNEMPLOY,2000-05-01,5758
UNEMPLOY,2000-06-01,5651
UNEMPLOY,2000-07-01,5747
UNEMPLOY,2000-08-01,5853
UNEMPLOY,2000-09-01,5625
UNEMPLOY,2000-10-01,5534
UNEMPLOY,2000-11-01,5639
UNEMPLOY,2000-12-01,5634
UNEMPLOY,2001-01-01,6023
UNEMPLOY,2001-02-01,6089
UNEMPLOY,2001-03-01,6141
UNEMPLOY,2001-04-01,6271
UNEMPLOY,2001-05-01,6226
UNEMPLOY,2001-06-01,6484
UNEMPLOY,2001-07-01,6583
UNEMPLOY,2001-08-01,7042
UNEMPLOY,2001-09-01,7142
UNEMPLOY,2001-10-01,7694
UNEMPLOY,2001-11-01,8003
UNEMPLOY,2001-12-01,8258
UNEMPLOY,2002-01-01,8182
UNEMPLOY,2002-02-01,8215
UNEMPLOY,2002-03-01,8304
UNEMPLOY,2002-04-01,8599
UNEMPLOY,2002-05-01,8399
UNEMPLOY,2002-06-01,8393
UNEMPLOY,2002-07-01,8390
UNEMPLOY,2002-08-01,8304
UNEMPLOY,2002-09-01,8251
UNEMPLOY,2002-10-01,8307
UNEMPLOY,2002-11-01,8520
UNEMPLOY,2002-12-01,8640
UNEMPLOY,2003-01-01,8520
UNEMPLOY,2003-02-01,8618
UNEMPLOY,2003-03-01,8588
UNEMPLOY,2003-04-01,8842
UNEMPLOY,2003-05-01,8957
UNEMPLOY,2003-06-01,9266
UNEMPLOY,2003-07-01,9011
UNEMPLOY,2003-08-01,8896
UNEMPLOY,2003-09-01,8921
UNEMPLOY,2003-10-01,8732
UNEMPLOY,2003-11-01,8576
UNEMPLOY,2003-12-01,8317
UNEMPLOY,2004-01-01,8370
UNEMPLOY,2004-02-01,8167
UNEMPLOY,2004-03-01,8491
UNEMPLOY,2004-04-01,8170
UNEMPLOY,2004-05-01,8212
UNEMPLOY,2004-06-01,8286
UNEMPLOY,2004-07-01,8136
UNEMPLOY,2004-08-01,7990
UNEMPLOY,2004-09-01,7927
UNEMPLOY,2004-10-01,8061
UNEMPLOY,2004-11-01,7932
UNEMPLOY,2004-12-01,7934
UNEMPLOY,2005-01-01,7784
UNEMPLOY,2005-02-01,7980
UNEMPLOY,2005-03-01,7737
UNEMPLOY,2005-04-01,7672
UNEMPLOY,2005-05-01,7651
UNEMPLOY,2005-06-01,7524
UNEMPLOY,2005-07-01,7406
UNEMPLOY,2005-08-01,7345
UNEMPLOY,2005-09-01,7553
UNEMPLOY,2005-10-01,7453
UNEMPLOY,2005-11-01,7566
UNEMPLOY,2005-12-01,7279
UNEMPLOY,2006-01-01,7064
UNEMPLOY,2006-02-01,7184
UNEMPLOY,2006-03-01,7072
UNEMPLOY,2006-04-01,7120
UNEMPLOY,2006-05-01,6980
UNEMPLOY,2006-06-01,7001
UNEMPLOY,2006-07-01,7175
UNEMPLOY,2006-08-01,7091
UNEMPLOY,2006-09-01,6847
UNEMPLOY,2006-10-01,6727
UNEMPLOY,2006-11-01,6872
UNEMPLOY,2006-12-01,6762
UNEMPLOY,2007-01-01,7116
UNEMPLOY,2007-02-01,6927
UNEMPLOY,2007-03-01,6731
UNEMPLOY,2007-04-01,6850
UNEMPLOY,2007-05-01,6766
UNEMPLOY,2007-06-01,6979
UNEMPLOY,2007-07-01,7149
UNEMPLOY,2007-08-01,7067
UNEMPLOY,2007-09-01,7170
UNEMPLOY,2007-10-01,7237
UNEMPLOY,2007-11-01,7240
UNEMPLOY,2007-12-01,7645
UNEMPLOY,2008-01-01,7685
UNEMPLOY,2008-02-01,7497
UNEMPLOY,2008-03-01,7822
UNEMPLOY,2008-04-01,7637
UNEMPLOY,2008-05-01,8395
UNEMPLOY,2008-06-01,8575
UNEMPLOY,2008-07-01,8937
UNEMPLOY,2008-08-01,9438
UNEMPLOY,2008-09-01,9494
UNEMPLOY,2008-10-01,10074
UNEMPLOY,2008-11-01,10538
UNEMPLOY,2008-12-01,11286
UNEMPLOY,2009-01-01,12058
UNEMPLOY,2009-02-01,12898
UNEMPLOY,2009-03-01,13426
UNEMPLOY,2009-04-01,13853
UNEMPLOY,2009-05-01,14499
UNEMPLOY,2009-06-01,14707
UNEMPLOY,2009-07-01,14601
UNEMPLOY,2009-08-01,14814
UNEMPLOY,2009-09-01,15009
UNEMPLOY,2009-10-01,15352
UNEMPLOY,2009-11-01,15219
UNEMPLOY,2009-12-01,15098
UNEMPLOY,2010-01-01,15046
UNEMPLOY,2010-02-01,15113
UNEMPLOY,2010-03-01,15202
UNEMPLOY,2010-04-01,15325
UNEMPLOY,2010-05-01,14849
UNEMPLOY,2010-06-01,14474
UNEMPLOY,2010-07-01,14512
UNEMPLOY,2010-08-01,14648
UNEMPLOY,2010-09-01,14579
UNEMPLOY,2010-10-01,14516
UNEMPLOY,2010-11-01,15081
UNEMPLOY,2010-12-01,14348
UNEMPLOY,2011-01-01,14013
UNEMPLOY,2011-02-01,13820
UNEMPLOY,2011-03-01,13737
UNEMPLOY,2011-04-01,13957
UNEMPLOY,2011-05-01,13855
UNEMPLOY,2011-06-01,13962
UNEMPLOY,2011-07-01,13763
UNEMPLOY,2011-08-01,13818
UNEMPLOY,2011-09-01,13948
UNEMPLOY,2011-10-01,13594
UNEMPLOY,2011-11-01,13302
UNEMPLOY,2011-12-01,13093
UNEMPLOY,2012-01-01,12797
UNEMPLOY,2012-02-01,12813
UNEMPLOY,2012-03-01,12713
UNEMPLOY,2012-04-01,12646
UNEMPLOY,2012-05-01,12660
UNEMPLOY,2012-06-01,12692
UNEMPLOY,2012-07-01,12656
UNEMPLOY,2012-08-01,12471
UNEMPLOY,2012-09-01,12115
UNEMPLOY,2012-10-01,12124
UNEMPLOY,2012-11-01,12005
UNEMPLOY,2012-12-01,12298
UNEMPLOY,2013-01-01,12471
UNEMPLOY,2013-02-01,11950
UNEMPLOY,2013-03-01,11689
UNEMPLOY,2013-04-01,11760
UNEMPLOY,2013-05-01,11654
UNEMPLOY,2013-06-01,11751
UNEMPLOY,2013-07-01,11335
UNEMPLOY,2013-08-01,11279
UNEMPLOY,2013-09-01,11270
UNEMPLOY,2013-10-01,11136
UNEMPLOY,2013-11-01,10787
UNEMPLOY,2013-12-01,10404
UNEMPLOY,2014-01-01,10202
UNEMPLOY,2014-02-01,10349
UNEMPLOY,2014-03-01,10380
UNEMPLOY,2014-04-01,9702
UNEMPLOY,2014-05-01,9859
UNEMPLOY,2014-06-01,9460
UNEMPLOY,2014-07-01,9608
UNEMPLOY,2014-08-01,9599
UNEMPLOY,2014-09-01,9262
UNEMPLOY,2014-10-01,8990
UNEMPLOY,2014-11-01,9090
UNEMPLOY,2014-12-01,8717
UNEMPLOY,2015-01-01,8885
UNEMPLOY,2015-02-01,8599
UNEMPLOY,2015-03-01,8515
UNEMPLOY,2015-04-01,8550
UNEMPLOY,2015-05-01,8834
UNEMPLOY,2015-06-01,8247
UNEMPLOY,2015-07-01,8167
UNEMPLOY,2015-08-01,7992
UNEMPLOY,2015-09-01,7907
UNEMPLOY,2015-10-01,7922
UNEMPLOY,2015-11-01,8000
UNEMPLOY,2015-12-01,7907
UNEMPLOY,2016-01-01,7627
UNEMPLOY,2016-02-01,7702
UNEMPLOY,2016-03-01,7961
UNEMPLOY,2016-04-01,8067
UNEMPLOY,2016-05-01,7652
UNEMPLOY,2016-06-01,7744
UNEMPLOY,2016-07-01,7641
UNEMPLOY,2016-08-01,7784
UNEMPLOY,2016-09-01,7953
UNEMPLOY,2016-10-01,7811
UNEMPLOY,2016-11-01,7553
UNEMPLOY,2016-12-01,7521
UNEMPLOY,2017-01-01,7468
UNEMPLOY,2017-02-01,7379
UNEMPLOY,2017-03-01,7073
UNEMPLOY,2017-04-01,7089
UNEMPLOY,2017-05-01,7000
UNEMPLOY,2017-06-01,6873
UNEMPLOY,2017-07-01,6892
UNEMPLOY,2017-08-01,7082
UNEMPLOY,2017-09-01,6854
UNEMPLOY,2017-10-01,6700
UNEMPLOY,2017-11-01,6774
UNEMPLOY,2017-12-01,6632
UNEMPLOY,2018-01-01,6489
UNEMPLOY,2018-02-01,6581
UNEMPLOY,2018-03-01,6472
UNEMPLOY,2018-04-01,6459
UNEMPLOY,2018-05-01,6196
UNEMPLOY,2018-06-01,6447
UNEMPLOY,2018-07-01,6195
UNEMPLOY,2018-08-01,6156
UNEMPLOY,2018-09-01,6073
UNEMPLOY,2018-10-01,6211
UNEMPLOY,2018-11-01,6115
UNEMPLOY,2018-12-01,6389
UNEMPLOY,2019-01-01,6475
UNEMPLOY,2019-02-01,6136
UNEMPLOY,2019-03-01,6202
UNEMPLOY,2019-04-01,5961
UNEMPLOY,2019-05-01,5930
UNEMPLOY,2019-06-01,5935
UNEMPLOY,2019-07-01,6061
UNEMPLOY,2019-08-01,5945
UNEMPLOY,2019-09-01,5753
UNEMPLOY,2019-10-01,5871
UNEMPLOY,2019-11-01,5868
UNEMPLOY,2019-12-01,5853
UNEMPLOY,2020-01-01,5869
UNEMPLOY,2020-02-01,5753
UNEMPLOY,2020-03-01,7206
UNEMPLOY,2020-04-01,23084
UNEMPLOY,2020-05-01,20929
UNEMPLOY,2020-06-01,17652
UNEMPLOY,2020-07-01,16352
UNEMPLOY,2020-08-01,13461
UNEMPLOY,2020-09-01,12554
UNEMPLOY,2020-10-01,11072
UNEMPLOY,2020-11-01,10694
UNEMPLOY,2020-12-01,10770
UNEMPLOY,2021-01-01,10260
UNEMPLOY,2021-02-01,10013
UNEMPLOY,2021-03-01,9772
UNEMPLOY,2021-04-01,9754
UNEMPLOY,2021-05-01,9260
UNEMPLOY,2021-06-01,9481
UNEMPLOY,2021-07-01,8731
UNEMPLOY,2021-08-01,8269
UNEMPLOY,2021-09-01,7610
UNEMPLOY,2021-10-01,7267
UNEMPLOY,2021-11-01,6729
UNEMPLOY,2021-12-01,6413
UNEMPLOY,2022-01-01,6533
UNEMPLOY,2022-02-01,6323
UNEMPLOY,2022-03-01,6033
UNEMPLOY,2022-04-01,5995
UNEMPLOY,2022-05-01,5979
UNEMPLOY,2022-06-01,5975
UNEMPLOY,2022-07-01,5770
UNEMPLOY,2022-08-01,5909
UNEMPLOY,2022-09-01,5747
UNEMPLOY,2022-10-01,5949
UNEMPLOY,2022-11-01,5918
UNEMPLOY,2022-12-01,5781
UNEMPLOY,2023-01-01,5770
UNEMPLOY,2023-02-01,5987
UNEMPLOY,2023-03-01,5859
UNEMPLOY,2023-04-01,5747
UNEMPLOY,2023-05-01,6084
UNEMPLOY,2023-06-01,5985
UNEMPLOY,2023-07-01,5923
UNEMPLOY,2023-08-01,6275
UNEMPLOY,2023-09-01,6274
UNEMPLOY,2023-10-01,6463
UNEMPLOY,2023-11-01,6226
UNEMPLOY,2023-12-01,6329
UNEMPLOY,2024-01-01,6175
UNEMPLOY,2024-02-01,6486
UNEMPLOY,2024-03-01,6521
UNEMPLOY,2024-04-01,6486
UNEMPLOY,2024-05-01,6627
UNEMPLOY,2024-06-01,6881
UNEMPLOY,2024-07-01,7098
UNEMPLOY,2024-08-01,7063
UNEMPLOY,2024-09-01,6849
UNEMPLOY,2024-10-01,6951
UNEMPLOY,2024-11-01,7089
UNEMPLOY,2024-12-01,6920
UNEMPLOY,2025-01-01,6865
UNEMPLOY,2025-02-01,7104
UNEMPLOY,2025-03-01,7132
UNEMPLOY,2025-04-01,7155
UNEMPLOY,2025-05-01,7248
UNEMPLOY,2025-06-01,7054
UNEMPLOY,2025-07-01,7272
UNEMPLOY,2025-08-01,7380
UNEMPLOY,2025-09-01,7605
UNEMPLOY,2025-10-01,NA
UNEMPLOY,2025-11-01,7781
UNEMPLOY,2025-12-01,7503
UNEMPLOY,2026-01-01,7362
UNRATE,2000-01-01,4
UNRATE,2000-02-01,4.1
UNRATE,2000-03-01,4
UNRATE,2000-04-01,3.8
UNRATE,2000-05-01,4
UNRATE,2000-06-01,4
UNRATE,2000-07-01,4
UNRATE,2000-08-01,4.1
UNRATE,2000-09-01,3.9
UNRATE,2000-10-01,3.9
UNRATE,2000-11-01,3.9
UNRATE,2000-12-01,3.9
UNRATE,2001-01-01,4.2
UNRATE,2001-02-01,4.2
UNRATE,2001-03-01,4.3
UNRATE,2001-04-01,4.4
UNRATE,2001-05-01,4.3
UNRATE,2001-06-01,4.5
UNRATE,2001-07-01,4.6
UNRATE,2001-08-01,4.9
UNRATE,2001-09-01,5
UNRATE,2001-10-01,5.3
UNRATE,2001-11-01,5.5
UNRATE,2001-12-01,5.7
UNRATE,2002-01-01,5.7
UNRATE,2002-02-01,5.7
UNRATE,2002-03-01,5.7
UNRATE,2002-04-01,5.9
UNRATE,2002-05-01,5.8
UNRATE,2002-06-01,5.8
UNRATE,2002-07-01,5.8
UNRATE,2002-08-01,5.7
UNRATE,2002-09-01,5.7
UNRATE,2002-10-01,5.7
UNRATE,2002-11-01,5.9
UNRATE,2002-12-01,6
UNRATE,2003-01-01,5.8
UNRATE,2003-02-01,5.9
UNRATE,2003-03-01,5.9
UNRATE,2003-04-01,6
UNRATE,2003-05-01,6.1
UNRATE,2003-06-01,6.3
UNRATE,2003-07-01,6.2
UNRATE,2003-08-01,6.1
UNRATE,2003-09-01,6.1
UNRATE,2003-10-01,6
UNRATE,2003-11-01,5.8
UNRATE,2003-12-01,5.7
UNRATE,2004-01-01,5.7
UNRATE,2004-02-01,5.6
UNRATE,2004-03-01,5.8
UNRATE,2004-04-01,5.6
UNRATE,2004-05-01,5.6
UNRATE,2004-06-01,5.6
UNRATE,2004-07-01,5.5
UNRATE,2004-08-01,5.4
UNRATE,2004-09-01,5.4
UNRATE,2004-10-01,5.5
UNRATE,2004-11-01,5.4
UNRATE,2004-12-01,5.4
UNRATE,2005-01-01,5.3
UNRATE,2005-02-01,5.4
UNRATE,2005-03-01,5.2
UNRATE,2005-04-01,5.2
UNRATE,2005-05-01,5.1
UNRATE,2005-06-01,5
UNRATE,2005-07-01,5
UNRATE,2005-08-01,4.9
UNRATE,2005-09-01,5
UNRATE,2005-10-01,5
UNRATE,2005-11-01,5
UNRATE,2005-12-01,4.9
UNRATE,2006-01-01,4.7
UNRATE,2006-02-01,4.8
UNRATE,2006-03-01,4.7
UNRATE,2006-04-01,4.7
UNRATE,2006-05-01,4.6
UNRATE,2006-06-01,4.6
UNRATE,2006-07-01,4.7
UNRATE,2006-08-01,4.7
UNRATE,2006-09-01,4.5
UNRATE,2006-10-01,4.4
UNRATE,2006-11-01,4.5
UNRATE,2006-12-01,4.4
UNRATE,2007-01-01,4.6
UNRATE,2007-02-01,4.5
UNRATE,2007-03-01,4.4
UNRATE,2007-04-01,4.5
UNRATE,2007-05-01,4.4
UNRATE,2007-06-01,4.6
UNRATE,2007-07-01,4.7
UNRATE,2007-08-01,4.6
UNRATE,2007-09-01,4.7
UNRATE,2007-10-01,4.7
UNRATE,2007-11-01,4.7
UNRATE,2007-12-01,5
UNRATE,2008-01-01,5
UNRATE,2008-02-01,4.9
UNRATE,2008-03-01,5.1
UNRATE,2008-04-01,5
UNRATE,2008-05-01,5.4
UNRATE,2008-06-01,5.6
UNRATE,2008-07-01,5.8
UNRATE,2008-08-01,6.1
UNRATE,2008-09-01,6.1
UNRATE,2008-10-01,6.5
UNRATE,2008-11-01,6.8
UNRATE,2008-12-01,7.3
UNRATE,2009-01-01,7.8
UNRATE,2009-02-01,8.3
UNRATE,2009-03-01,8.7
UNRATE,2009-04-01,9
UNRATE,2009-05-01,9.4
UNRATE,2009-06-01,9.5
UNRATE,2009-07-01,9.5
UNRATE,2009-08-01,9.6
UNRATE,2009-09-01,9.8
UNRATE,2009-10-01,10
UNRATE,2009-11-01,9.9
UNRATE,2009-12-01,9.9
UNRATE,2010-01-01,9.8
UNRATE,2010-02-01,9.8
UNRATE,2010-03-01,9.9
UNRATE,2010-04-01,9.9
UNRATE,2010-05-01,9.6
UNRATE,2010-06-01,9.4
UNRATE,2010-07-01,9.4
UNRATE,2010-08-01,9.5
UNRATE,2010-09-01,9.5
UNRATE,2010-10-01,9.4
UNRATE,2010-11-01,9.8
UNRATE,2010-12-01,9.3
UNRATE,2011-01-01,9.1
UNRATE,2011-02-01,9
UNRATE,2011-03-01,9
UNRATE,2011-04-01,9.1
UNRATE,2011-05-01,9
UNRATE,2011-06-01,9.1
UNRATE,2011-07-01,9
UNRATE,2011-08-01,9
UNRATE,2011-09-01,9
UNRATE,2011-10-01,8.8
UNRATE,2011-11-01,8.6
UNRATE,2011-12-01,8.5
UNRATE,2012-01-01,8.3
UNRATE,2012-02-01,8.3
UNRATE,2012-03-01,8.2
UNRATE,2012-04-01,8.2
UNRATE,2012-05-01,8.2
UNRATE,2012-06-01,8.2
UNRATE,2012-07-01,8.2
UNRATE,2012-08-01,8.1
UNRATE,2012-09-01,7.8
UNRATE,2012-10-01,7.8
UNRATE,2012-11-01,7.7
UNRATE,2012-12-01,7.9
UNRATE,2013-01-01,8
UNRATE,2013-02-01,7.7
UNRATE,2013-03-01,7.5
UNRATE,2013-04-01,7.6
UNRATE,2013-05-01,7.5
UNRATE,2013-06-01,7.5
UNRATE,2013-07-01,7.3
UNRATE,2013-08-01,7.2
UNRATE,2013-09-01,7.2
UNRATE,2013-10-01,7.2
UNRATE,2013-11-01,6.9
UNRATE,2013-12-01,6.7
UNRATE,2014-01-01,6.6
UNRATE,2014-02-01,6.7
UNRATE,2014-03-01,6.7
UNRATE,2014-04-01,6.2
UNRATE,2014-05-01,6.3
UNRATE,2014-06-01,6.1
UNRATE,2014-07-01,6.2
UNRATE,2014-08-01,6.1
UNRATE,2014-09-01,5.9
UNRATE,2014-10-01,5.7
UNRATE,2014-11-01,5.8
UNRATE,2014-12-01,5.6
UNRATE,2015-01-01,5.7
UNRATE,2015-02-01,5.5
UNRATE,2015-03-01,5.4
UNRATE,2015-04-01,5.4
UNRATE,2015-05-01,5.6
UNRATE,2015-06-01,5.3
UNRATE,2015-07-01,5.2
UNRATE,2015-08-01,5.1
UNRATE,2015-09-01,5
UNRATE,2015-10-01,5
UNRATE,2015-11-01,5.1
UNRATE,2015-12-01,5
UNRATE,2016-01-01,4.8
UNRATE,2016-02-01,4.9
UNRATE,2016-03-01,5
UNRATE,2016-04-01,5.1
UNRATE,2016-05-01,4.8
UNRATE,2016-06-01,4.9
UNRATE,2016-07-01,4.8
UNRATE,2016-08-01,4.9
UNRATE,2016-09-01,5
UNRATE,2016-10-01,4.9
UNRATE,2016-11-01,4.7
UNRATE,2016-12-01,4.7
UNRATE,2017-01-01,4.7
UNRATE,2017-02-01,4.6
UNRATE,2017-03-01,4.4
UNRATE,2017-04-01,4.4
UNRATE,2017-05-01,4.4
UNRATE,2017-06-01,4.3
UNRATE,2017-07-01,4.3
UNRATE,2017-08-01,4.4
UNRATE,2017-09-01,4.3
UNRATE,2017-10-01,4.2
UNRATE,2017-11-01,4.2
UNRATE,2017-12-01,4.1
UNRATE,2018-01-01,4
UNRATE,2018-02-01,4.1
UNRATE,2018-03-01,4
UNRATE,2018-04-01,4
UNRATE,2018-05-01,3.8
UNRATE,2018-06-01,4
UNRATE,2018-07-01,3.8
UNRATE,2018-08-01,3.8
UNRATE,2018-09-01,3.7
UNRATE,2018-10-01,3.8
UNRATE,2018-11-01,3.8
UNRATE,2018-12-01,3.9
UNRATE,2019-01-01,4
UNRATE,2019-02-01,3.8
UNRATE,2019-03-01,3.8
UNRATE,2019-04-01,3.7
UNRATE,2019-05-01,3.6
UNRATE,2019-06-01,3.6
UNRATE,2019-07-01,3.7
UNRATE,2019-08-01,3.6
UNRATE,2019-09-01,3.5
UNRATE,2019-10-01,3.6
UNRATE,2019-11-01,3.6
UNRATE,2019-12-01,3.6
UNRATE,2020-01-01,3.6
UNRATE,2020-02-01,3.5
UNRATE,2020-03-01,4.4
UNRATE,2020-04-01,14.8
UNRATE,2020-05-01,13.2
UNRATE,2020-06-01,11
UNRATE,2020-07-01,10.2
UNRATE,2020-08-01,8.4
UNRATE,2020-09-01,7.8
UNRATE,2020-10-01,6.9
UNRATE,2020-11-01,6.7
UNRATE,2020-12-01,6.7
UNRATE,2021-01-01,6.4
UNRATE,2021-02-01,6.2
UNRATE,2021-03-01,6.1
UNRATE,2021-04-01,6.1
UNRATE,2021-05-01,5.8
UNRATE,2021-06-01,5.9
UNRATE,2021-07-01,5.4
UNRATE,2021-08-01,5.1
UNRATE,2021-09-01,4.7
UNRATE,2021-10-01,4.5
UNRATE,2021-11-01,4.1
UNRATE,2021-12-01,3.9
UNRATE,2022-01-01,4
UNRATE,2022-02-01,3.9
UNRATE,2022-03-01,3.7
UNRATE,2022-04-01,3.7
UNRATE,2022-05-01,3.6
UNRATE,2022-06-01,3.6
UNRATE,2022-07-01,3.5
UNRATE,2022-08-01,3.6
UNRATE,2022-09-01,3.5
UNRATE,2022-10-01,3.6
UNRATE,2022-11-01,3.6
UNRATE,2022-12-01,3.5
UNRATE,2023-01-01,3.5
UNRATE,2023-02-01,3.6
UNRATE,2023-03-01,3.5
UNRATE,2023-04-01,3.4
UNRATE,2023-05-01,3.6
UNRATE,2023-06-01,3.6
UNRATE,2023-07-01,3.5
UNRATE,2023-08-01,3.7
UNRATE,2023-09-01,3.7
UNRATE,2023-10-01,3.9
UNRATE,2023-11-01,3.7
UNRATE,2023-12-01,3.8
UNRATE,2024-01-01,3.7
UNRATE,2024-02-01,3.9
UNRATE,2024-03-01,3.9
UNRATE,2024-04-01,3.9
UNRATE,2024-05-01,3.9
UNRATE,2024-06-01,4.1
UNRATE,2024-07-01,4.2
UNRATE,2024-08-01,4.2
UNRATE,2024-09-01,4.1
UNRATE,2024-10-01,4.1
UNRATE,2024-11-01,4.2
UNRATE,2024-12-01,4.1
UNRATE,2025-01-01,4
UNRATE,2025-02-01,4.2
UNRATE,2025-03-01,4.2
UNRATE,2025-04-01,4.2
UNRATE,2025-05-01,4.3
UNRATE,2025-06-01,4.1
UNRATE,2025-07-01,4.3
UNRATE,2025-08-01,4.3
UNRATE,2025-09-01,4.4
UNRATE,2025-10-01,NA
UNRATE,2025-11-01,4.5
UNRATE,2025-12-01,4.4
UNRATE,2026-01-01,4.3
PCECTPI,2000-01-01,73.219
PCECTPI,2000-04-01,73.568
PCECTPI,2000-07-01,74.042
PCECTPI,2000-10-01,74.46
PCECTPI,2001-01-01,75.012
PCECTPI,2001-04-01,75.363
PCECTPI,2001-07-01,75.401
PCECTPI,2001-10-01,75.432
PCECTPI,2002-01-01,75.584
PCECTPI,2002-04-01,76.145
PCECTPI,2002-07-01,76.539
PCECTPI,2002-10-01,76.896
PCECTPI,2003-01-01,77.484
PCECTPI,2003-04-01,77.562
PCECTPI,2003-07-01,78.073
PCECTPI,2003-10-01,78.457
PCECTPI,2004-01-01,79.062
PCECTPI,2004-04-01,79.594
PCECTPI,2004-07-01,79.985
PCECTPI,2004-10-01,80.669
PCECTPI,2005-01-01,81.138
PCECTPI,2005-04-01,81.65
PCECTPI,2005-07-01,82.532
PCECTPI,2005-10-01,83.189
PCECTPI,2006-01-01,83.621
PCECTPI,2006-04-01,84.355
PCECTPI,2006-07-01,84.962
PCECTPI,2006-10-01,84.822
PCECTPI,2007-01-01,85.597
PCECTPI,2007-04-01,86.324
PCECTPI,2007-07-01,86.812
PCECTPI,2007-10-01,87.694
PCECTPI,2008-01-01,88.408
PCECTPI,2008-04-01,89.269
PCECTPI,2008-07-01,90.221
PCECTPI,2008-10-01,88.781
PCECTPI,2009-01-01,88.181
PCECTPI,2009-04-01,88.532
PCECTPI,2009-07-01,89.142
PCECTPI,2009-10-01,89.83
PCECTPI,2010-01-01,90.177
PCECTPI,2010-04-01,90.317
PCECTPI,2010-07-01,90.49
PCECTPI,2010-10-01,91.07
PCECTPI,2011-01-01,91.835
PCECTPI,2011-04-01,92.738
PCECTPI,2011-07-01,93.167
PCECTPI,2011-10-01,93.475
PCECTPI,2012-01-01,94.094
PCECTPI,2012-04-01,94.321
PCECTPI,2012-07-01,94.595
PCECTPI,2012-10-01,95.126
PCECTPI,2013-01-01,95.459
PCECTPI,2013-04-01,95.508
PCECTPI,2013-07-01,95.901
PCECTPI,2013-10-01,96.254
PCECTPI,2014-01-01,96.696
PCECTPI,2014-04-01,97.129
PCECTPI,2014-07-01,97.394
PCECTPI,2014-10-01,97.265
PCECTPI,2015-01-01,96.829
PCECTPI,2015-04-01,97.312
PCECTPI,2015-07-01,97.565
PCECTPI,2015-10-01,97.49
PCECTPI,2016-01-01,97.538
PCECTPI,2016-04-01,98.157
PCECTPI,2016-07-01,98.496
PCECTPI,2016-10-01,98.947
PCECTPI,2017-01-01,99.524
PCECTPI,2017-04-01,99.724
PCECTPI,2017-07-01,100.076
PCECTPI,2017-10-01,100.676
PCECTPI,2018-01-01,101.38
PCECTPI,2018-04-01,101.912
PCECTPI,2018-07-01,102.254
PCECTPI,2018-10-01,102.642
PCECTPI,2019-01-01,102.851
PCECTPI,2019-04-01,103.426
PCECTPI,2019-07-01,103.675
PCECTPI,2019-10-01,104.083
PCECTPI,2020-01-01,104.445
PCECTPI,2020-04-01,104.017
PCECTPI,2020-07-01,104.835
PCECTPI,2020-10-01,105.369
PCECTPI,2021-01-01,106.567
PCECTPI,2021-04-01,108.184
PCECTPI,2021-07-01,109.655
PCECTPI,2021-10-01,111.484
PCECTPI,2022-01-01,113.582
PCECTPI,2022-04-01,115.658
PCECTPI,2022-07-01,116.986
PCECTPI,2022-10-01,118.176
PCECTPI,2023-01-01,119.308
PCECTPI,2023-04-01,120.19
PCECTPI,2023-07-01,120.999
PCECTPI,2023-10-01,121.546
PCECTPI,2024-01-01,122.622
PCECTPI,2024-04-01,123.409
PCECTPI,2024-07-01,123.93
PCECTPI,2024-10-01,124.703
PCECTPI,2025-01-01,125.759
PCECTPI,2025-04-01,126.424
PCECTPI,2025-07-01,127.293
